date,title,content
2025-08-30,"Quantbot Technologies LP Raises Stock Holdings in Tootsie Roll Industries, Inc. $TR","Quantbot Technologies LP increased its position in Tootsie Roll Industries, Inc. (NYSE:TR – Free Report) by 105.5% during the 1st quarter, according to the company in its most recent Form 13F filing with the Securities & Exchange Commission. The firm owned 2,…"
2025-08-30,Pioneer Trust Bank N A OR Cuts Holdings in Apple Inc. $AAPL,"Pioneer Trust Bank N A OR lowered its position in shares of Apple Inc. (NASDAQ:AAPL – Free Report) by 1.7% in the 1st quarter, HoldingsChannel.com reports. The institutional investor owned 117,487 shares of the iPhone maker’s stock after selling 1,979 shares …"
2025-08-30,Fortress Financial Solutions LLC Increases Stake in Apple Inc. $AAPL,"Fortress Financial Solutions LLC increased its holdings in shares of Apple Inc. (NASDAQ:AAPL – Free Report) by 4.3% in the 1st quarter, according to its most recent disclosure with the Securities and Exchange Commission. The fund owned 17,422 shares of the iP…"
2025-08-30,"Cohen Capital Management Inc. Sells 2,100 Shares of Apple Inc. $AAPL","Cohen Capital Management Inc. cut its position in Apple Inc. (NASDAQ:AAPL – Free Report) by 16.1% during the 1st quarter, HoldingsChannel.com reports. The institutional investor owned 10,905 shares of the iPhone maker’s stock after selling 2,100 shares during…"
2025-08-30,Trail Ridge Investment Advisors LLC Trims Stake in Apple Inc. $AAPL,"Trail Ridge Investment Advisors LLC cut its position in shares of Apple Inc. (NASDAQ:AAPL – Free Report) by 6.5% during the 1st quarter, according to its most recent disclosure with the Securities and Exchange Commission (SEC). The fund owned 53,636 shares of…"
2025-08-30,Apple Inc. $AAPL is Sigma Planning Corp’s 2nd Largest Position,"Sigma Planning Corp boosted its holdings in Apple Inc. (NASDAQ:AAPL – Free Report) by 0.1% in the first quarter, according to its most recent filing with the SEC. The institutional investor owned 694,515 shares of the iPhone maker’s stock after buying an addi…"
2025-08-30,"Charles Schwab Investment Management Inc. Acquires 2,652 Shares of Tootsie Roll Industries, Inc. $TR","Charles Schwab Investment Management Inc. raised its position in shares of Tootsie Roll Industries, Inc. (NYSE:TR – Free Report) by 2.5% in the first quarter, according to the company in its most recent disclosure with the Securities & Exchange Commission. Th…"
2025-08-30,Best Retail Stocks To Watch Now – August 28th,"Tesla, Walgreens Boots Alliance, Apple, Amazon.com, Microsoft, UnitedHealth Group, and Micron Technology are the seven Retail stocks to watch today, according to MarketBeat’s stock screener tool. Retail stocks are shares of publicly traded companies whose pri…"
2025-08-30,Warren Buffett turns 95 today. 10 of his biggest investing lessons.,Berkshire Hathaway’s CEO is marking a milestone. These takeaways from his long career are worth considering.
2025-08-29,"Apple Inc. (AAPL): The AI “Will Come Into Play Soon,” Says Jim Cramer",We recently published Jim Cramer Said AI Is A “Souped-Up Google” As He Discussed These 11 Stocks. Apple Inc. (NASDAQ:AAPL) is one of the stocks Jim Cramer...
2025-08-29,Apple will be one of the top two performing ‘Mag 7s’ over the next year – Gene Munster,"Gene Munster makes a bold prediction: Apple will rank among the top two performers of the “Magnificent Seven” tech giants over the next year…
The post Apple will be one of the top two performing ‘Mag 7s’ over the next year – Gene Munster appeared first on Mac…"
2025-08-29,"The Roborock Q8 Max Is Cheaper Than AirPods, While Amazon Finishes Selling Its Leftover Stock","The Roborock Q8 Max Is Cheaper Than AirPods, While Amazon Finishes Selling Its Leftover Stockgizmodo.com"
2025-08-29,Hardware Flaw in Apple A16 Chip: Debug Logic Active on Production Devices,"This repository discloses a critical vulnerability in Apple’s A16 Bionic chip, where debug logic is executed on production-fused devices (dev-fused=0, debug=0x0). Logs show SecureROM and co-process..."
2025-08-29,Are AI and Democracy Compatible?,Avoiding digital dictatorship may mean rethinking our relationship with machines.
2025-08-29,"Save $500 on Luckeep’s C23 two-seater e-bike at new $499 low, Aventon Aventure 2 e-bike at $1,499 annual low, LG, Schumacher, more","We’re closing out the week’s Green Deals with a jam-packed edition filled with some great savings opportunities through Labor Day weekend. Our headliner is Luckeep’s C23 Folding Step-Through Two-Seater e-bike that has fallen to a new $499 low, with it followe…"
2025-08-29,Musk's xAI sues engineer for allegedly taking secrets to OpenAI,"Elon Musk's xAI has filed a lawsuit against a former engineer, Xuechen Li. The lawsuit alleges Li stole confidential information related to the Grok chatbot. xAI claims Li took the secrets to OpenAI after accepting a job there. The company seeks monetary dama…"
2025-08-29,Musk's xAI sues engineer for allegedly taking secrets to OpenAI,Elon Musk's artificial intelligence startup xAI has sued a former engineer at the company for allegedly stealing trade secrets related to its Grok chatbot and taking them to rival OpenAI.Musk's company said in the complaint filed on Thursday in California fed…
2025-08-29,Musk's xAI sues engineer for allegedly taking secrets to OpenAI,(Reuters) -Elon Musk's artificial intelligence startup xAI has sued a former engineer at the company for allegedly stealing trade secrets related to its Grok...
2025-08-29,A Look Into Apple Inc's Price Over Earnings,"In the current session, the stock is trading at $232.80, after a 0.10% spike. Over the past month, Apple Inc. (NASDAQ:AAPL) stock increased by 15.03%, and in the past year, by 4.50%. With performance like this, long-term shareholders are optimistic but others…"
2025-08-29,Is Apple Stock a Buy Now?,"Key Points
-
Apple's recent quarterly results made it clear that AI is having a positive impact on its business.
-
The rollout of more Apple Intelligence features and the company's aggressive AI investments will be tailwinds for the stock in the long run.
-
A…"
2025-08-29,Clearance! This Asus OLED laptop with 16GB RAM is only $570,"If you’ve been waiting for a value-packed laptop to snap up for a great price, this is it. Right now, Best Buy is clearing out this Asus Vivobook S 14 with an OLED screen, Intel Core Ultra 5 processor, and 16GB of RAM for the low price of $569.99. That’s almo…"
2025-08-29,"The 63 Best Labor Day Sales Today, According To Seasoned Deals Editors",Our deals team rounded up the best Labor Day sales that you can shop this weekend. We also secured some Forbes Vetted reader-exclusive deals.
2025-08-29,AMD Ryzen CPUs just got stock cooler downgrades (or eliminations),"Does your CPU come with a cooler in the box? Do you need to buy a separate one for your new PC build? It’s a complicated and sometimes frustrating question, especially if you’re buying parts online and can’t fondle the box with your meat fingers. And it’s jus…"
2025-08-29,"Affirm stock jumps 13% after Q4 earnings beat expectations, fueled by strong demand for buy now, pay later","Affirm stock today: Affirm shares saw a surge after reporting impressive fourth-quarter results. The buy now, pay later firm exceeded expectations. It also offered optimistic guidance for fiscal year 2026. Partnerships with Shopify and Amazon helped offset th…"
2025-08-29,Nvidia’s hyper-growth keeps its stock valuation away from bubble territory,"For all the handwringing about Nvidia’s market value pushing the stock into bubble territory, its revenue keeps investors buying. Read more."
2025-08-29,"The AI boom didn’t quite save Nvidia earnings, but enterprise software cashed in","In the most-watched tech event this week, Nvidia came up (a bit) short on earnings, but it still offered a pretty darn good growth projections. Thing is, they didn’t include any possible sales to China, which don’t seem out of the question at some point. No s…"
2025-08-29,Is Apple Stock Underperforming the Nasdaq?,
2025-08-29,How Is Alphabet's Stock Performance Compared to Other Internet Stocks?,"Alphabet has underperformed the Internet industry over the past year, but analysts are highly optimistic about the stock’s prospects."
2025-08-29,How Much Candy Is in a Major League Dugout?,"Hey, if you want to win, you've got to fuel like a winner."
2025-08-29,"AI Update, August 29, 2025: AI News and Views From the Past Week",Catch up on select AI news and developments from the past week or so. Stay in the know. Read the full article at MarketingProfs
2025-08-29,Is Apple Stock Underperforming the Nasdaq?,
2025-08-29,Today in Apple history: Steve Jobs gets embroiled in stock-backdating scandal,"On August 29, 2001, an Apple board meeting took place that will become a very important date in the Apple stock backdating scandal.
(via Cult of Mac - Your source for the latest Apple news, rumors, analysis, reviews, how-tos and deals.)"
2025-08-29,T LOunge for August 29th 2025,"Mersini Bar and Restaurant – Schoinoussa, Greece   Guess what today is? As if that view doesn’t give it away. Yes, darlings, it’s FRIDAY. And if you’re American, it’s the start of a three-day weekend. Spend it celebrating that fact.   Samara Weaving on Becomi…"
2025-08-29,Affirm stock surges 15% as CEO Levchin notes continued consumer strength,"Going into the print, the big question was whether losing Walmart to rival Klarna would drag on results."
2025-08-29,From lost in Vegas to Vegas lost? Tourism plunges as Sin City sees a steep drop in passenger numbers,"Las Vegas, once a top tourist spot, sees a drop in visitors. Airport passenger numbers at Harry Reid International Airport are down for six months. Hotel occupancy on the Strip also decreased. Even casino Poker Palace is closing down. Rising prices and hidden…"
2025-08-29,Nothing’s stock photo scandal is a lesson in accountability,"The brand has spoken out about its ""unfortunate oversight”."
2025-08-29,Apple's 'Invisible' AI Strategy Weighs On Its Stock. What Worries Wall Street,"Apple stock has stumbled as the tech giant badly lags in the artificial intelligence megatrend. Can the iPhone maker turn things around? 
The post Apple's 'Invisible' AI Strategy Weighs On Its Stock. What Worries Wall Street. appeared first on Investor's Busi…"
2025-08-29,Tomorrow is game day and we’ve got all of the best OSU-Texas previews in one spot,All the Buckeye news that’s fit to reprint.
2025-08-29,"Recipes for cowboy cooking (think ‘Blazing Saddles,’ but better)","The Fort's hot sausage bean dip, roasted buffalo bone marrow and more."
2025-08-29,Dave Vellante’s Breaking Analysis: The complete collection,"Breaking Analysis is a weekly editorial program combining knowledge from SiliconANGLE’s theCUBE with spending data from Enterprise Technology Research. Branded as theCUBE Insights, Powered by ETR, the program is our opportunity to share independent, unfiltere…"
2025-08-29,TSMC Stock: Wall Street’s Most Overlooked AI Play?,While TSMC serves as the backbone of the globe’s most sophisticated chip manufacturing supply chain...
2025-08-29,The Housing Hunger Games,"“How extremely profitable all of this precarity has become.” Author Brian Goldstone on working and homelessness in today’s America.
The post The Housing Hunger Games appeared first on The Intercept."
2025-08-29,"Morgan Stanley intern survey: Here's what they're carrying, wearing, and working out with","Morgan Stanley intern survey reveals Gen Z brand preferences, showing rising popularity for Hoka sneakers and Aritzia apparel."
2025-08-29,"Netflix Stock Worth The Risk At $1,200?",This substantial rise follows two strategic decisions made by Netflix after the pandemic: enforcing restrictions on password sharing...
2025-08-29,5 things every investor can learn from Warren Buffett,The stocks Warren Buffett buys say a lot about his investment philosophy. Here are some big reasons why
2025-08-29,Can quick commerce supercharge Flipkart’s Big Billion Days sales?,"Big Billion Days could give Flipkart’s nascent quick commerce arm, Minutes, a chance to gain momentum, close the gap with rivals, and capture a larger share of the market."
2025-08-29,Head-To-Head Comparison: Cable One (NYSE:CABO) & TELEVISION FRAN (OTCMKTS:TVFCF),"Cable One (NYSE:CABO – Get Free Report) and TELEVISION FRAN (OTCMKTS:TVFCF – Get Free Report) are both consumer discretionary companies, but which is the better business? We will contrast the two companies based on the strength of their valuation, profitabili…"
2025-08-29,"Ameriprise Financial Inc. Raises Holdings in MasTec, Inc. $MTZ","Ameriprise Financial Inc. lifted its stake in MasTec, Inc. (NYSE:MTZ – Free Report) by 171.2% during the first quarter, according to its most recent disclosure with the Securities & Exchange Commission. The fund owned 390,764 shares of the construction compan…"
2025-08-29,"Hsbc Holdings PLC Sells 36,573 Shares of Hyatt Hotels Corporation $H","Hsbc Holdings PLC decreased its holdings in shares of Hyatt Hotels Corporation (NYSE:H – Free Report) by 74.6% in the first quarter, according to its most recent Form 13F filing with the SEC. The institutional investor owned 12,462 shares of the company’s sto…"
2025-08-29,Head-To-Head Comparison: Cable One (NYSE:CABO) & TELEVISION FRAN (OTCMKTS:TVFCF),"Cable One (NYSE:CABO – Get Free Report) and TELEVISION FRAN (OTCMKTS:TVFCF – Get Free Report) are both consumer discretionary companies, but which is the better business? We will contrast the two companies based on the strength of their valuation, profitabili…"
2025-08-29,Blue Square Asset Management LLC Sells 145 Shares of Apple Inc. $AAPL,"Blue Square Asset Management LLC lessened its holdings in shares of Apple Inc. (NASDAQ:AAPL – Free Report) by 0.6% during the 1st quarter, Holdings Channel.com reports. The firm owned 22,838 shares of the iPhone maker’s stock after selling 145 shares during t…"
2025-08-29,Chapman Investment Management LLC Sells 347 Shares of Apple Inc. $AAPL,"Chapman Investment Management LLC decreased its stake in shares of Apple Inc. (NASDAQ:AAPL – Free Report) by 0.9% during the first quarter, according to the company in its most recent filing with the SEC. The fund owned 39,288 shares of the iPhone maker’s sto…"
2025-08-29,Apple Inc. $AAPL Stock Holdings Cut by Cortland Associates Inc. MO,"Cortland Associates Inc. MO reduced its position in shares of Apple Inc. (NASDAQ:AAPL – Free Report) by 3.0% in the first quarter, HoldingsChannel.com reports. The firm owned 26,937 shares of the iPhone maker’s stock after selling 839 shares during the period…"
2025-08-29,Top AI researcher Rishabh Agarwal quits Meta’s Superintelligence Lab despite million-dollar pay,"Rishabh Agarwal has left Meta’s Superintelligence Lab just months after joining on a million-dollar salary. Despite strong pitches and high pay, Agarwal and others have quit, with reports suggesting Meta’s demanding expectations around work-life balance and v…"
2025-08-29,Apple Inc. $AAPL Shares Bought by Austin Wealth Management LLC,"Austin Wealth Management LLC lifted its stake in Apple Inc. (NASDAQ:AAPL – Free Report) by 10.0% in the first quarter, HoldingsChannel reports. The firm owned 28,888 shares of the iPhone maker’s stock after acquiring an additional 2,617 shares during the quar…"
2025-08-29,"Callahan Advisors LLC Sells 7,724 Shares of Apple Inc. $AAPL","Callahan Advisors LLC cut its holdings in shares of Apple Inc. (NASDAQ:AAPL – Free Report) by 4.5% in the first quarter, Holdings Channel reports. The institutional investor owned 162,656 shares of the iPhone maker’s stock after selling 7,724 shares during th…"
2025-08-29,"Croban Purchases Shares of 4,815 Apple Inc. $AAPL","Croban purchased a new stake in shares of Apple Inc. (NASDAQ:AAPL – Free Report) during the 1st quarter, Holdings Channel.com reports. The fund purchased 4,815 shares of the iPhone maker’s stock, valued at approximately $1,069,000. Several other hedge funds h…"
2025-08-29,Barry Investment Advisors LLC Has $4.89 Million Stock Holdings in Apple Inc. $AAPL,"Barry Investment Advisors LLC lessened its position in Apple Inc. (NASDAQ:AAPL – Free Report) by 24.2% during the first quarter, Holdings Channel reports. The institutional investor owned 22,015 shares of the iPhone maker’s stock after selling 7,024 shares du…"
2025-08-29,Apple Inc. $AAPL is Xponance Inc.’s Largest Position,"Xponance Inc. increased its holdings in Apple Inc. (NASDAQ:AAPL – Free Report) by 0.2% during the first quarter, according to its most recent filing with the Securities and Exchange Commission (SEC). The firm owned 3,604,254 shares of the iPhone maker’s stock…"
2025-08-29,Apple Inc. $AAPL Shares Purchased by Diversify Wealth Management LLC,"Diversify Wealth Management LLC grew its holdings in Apple Inc. (NASDAQ:AAPL – Free Report) by 0.5% during the 1st quarter, according to the company in its most recent filing with the SEC. The fund owned 101,414 shares of the iPhone maker’s stock after purcha…"
2025-08-29,Apple Hospitality REIT (NYSE:APLE) Price Target Raised to $13.00 at Wells Fargo & Company,"Apple Hospitality REIT (NYSE:APLE – Get Free Report) had its price target boosted by research analysts at Wells Fargo & Company from $12.00 to $13.00 in a report released on Wednesday,Benzinga reports. The brokerage currently has an “equal weight” rating on t…"
2025-08-29,Jonas Hietala: I'll only buy devices with GrapheneOS,
2025-08-29,Head-To-Head Comparison: SunOpta (NASDAQ:STKL) versus Above Food Ingredients (NASDAQ:ABVE),"SunOpta (NASDAQ:STKL – Get Free Report) and Above Food Ingredients (NASDAQ:ABVE – Get Free Report) are both small-cap consumer staples companies, but which is the better investment? We will contrast the two businesses based on the strength of their profitabil…"
2025-08-29,Apple (AAPL) Explores Google Gemini AI for Siri Revamp,"Apple Inc. (NASDAQ:AAPL) is one of the best long-term stocks to invest in according to Warren Buffett. On August 22, Apple began early discussions with..."
2025-08-29,Apple’s (AAPL) Growth Momentum Intact Despite Antitrust Headwinds,"Apple Inc. (NASDAQ:AAPL) is one of the most profitable tech stocks to invest in now. On August 25, Bloomberg reported that Elon Musk’s companies X and xAI..."
2025-08-28,"Affirm's stock soars 15% on earnings, revenue beat",Affirm's earnings per share of 20 cents for the quarter was almost double what Wall Street expected.
2025-08-28,Evercore reiterates ‘Outperform’ rating on Apple stock with $250 target price,"On August 22, 2025, Evercore ISI reaffirmed its ""Outperform"" (Buy) rating for Apple stock, spotlighting the recent price increases for…
The post Evercore reiterates ‘Outperform’ rating on Apple stock with $250 target price appeared first on MacDailyNews."
2025-08-28,Mark Zuckerberg is burning billions to chase the holy grail of AI,"Companies in the AI race are barreling toward a new goalpost: so-called superintelligence, or an AI model that can surpass human intelligence. The terminology here can get a bit dizzying. Top AI companies had already been trying to build what’s long been call…"
2025-08-28,The AI bubble may be about to pop — here’s what MIT’s 95% failure stat means,"Billions of dollars are being poured into AI development, but most pilot programs don't succeed."
2025-08-28,Nike-Apple and 2 Other Brand Collabs That Sent Stocks Soaring — Are They Still Good Investments?,When powerhouse brands join forces -- think tech meets athletics or fashion meets value -- both consumer excitement and stock markets often respond...
2025-08-28,College Food Hacks: Transform Dorm Eating From Survival,"College Food Hacks: Transform Your Dorm Eating From Survival Mode to Satisfying
Difficulty: Novice
Time: 2-60 minutes per recipe
Cost: Free with meal plan to $6 per serving 
You've got a microwave, a mini-fridge, and maybe access to a dining hall that serves …"
2025-08-28,The Irish Times view on AI: is this a stock market bubble which could burst?,Investors  has a seemingly insatiable demand for stock with exposure to artificial intelligence
2025-08-28,"Dear Apple Stock Fans, Mark Your Calendars for September 9",
2025-08-28,Commentary: Trump’s trade war is hurting most sectors of the economy,The latest round of earnings reports revealed widespread damage from the Trump tariffs and other attacks on trade.
2025-08-28,"Dear Apple Stock Fans, Mark Your Calendars for September 9","While Apple fans circle Sept. 9 for the iPhone 17 reveal, Wall Street’s cautious tone keeps expectations in check."
2025-08-28,Walmart’s Labor Day 2025 Sale: We Found the 10 Best Deals,We sifted through Walmart's 2025 Labor Day sale to find the top 10 must-have items.
2025-08-28,RFK Jr. Says CDC Must Deliver On Trump’s Agenda After White House Fires Director,"RFK Jr. on Thursday said the CDC needs to deliver on Trump's ambitions, a day after the White House fired the health agency's director and several top officials resigned."
2025-08-28,What's Going On With Marvell Technology Stock Thursday?,"Marvell Technology (NASDAQ:MRVL) shares surged Thursday as investors bet on the company to deliver strong second-quarter results, scheduled for after the..."
2025-08-28,Jack Daniel's Parent Brown-Forman Keeps Outlook Steady While Flagging Market Pressures,"Brown Forman Inc. (NYSE:BF) (NYSE:BF), the parent of Jack Daniel’s whiskey, Old Foster and other popular brands, saw its stock drop Thursday after it..."
2025-08-28,16 billion credentials exposed: why your business needs a password manager now,"Your passwords may already be at risk. Partner Content  Ever felt that gut punch after losing something important, like your house keys? Now picture those, along with 184 million others, resting in plain sight at the wildest equivalent of Comic-Con for crimin…"
2025-08-28,AI #131 Part 1: Gemini 2.5 Flash Image is Cool,"Published on August 28, 2025 4:20 PM GMTOnce again we’ve reached the point where the weekly update needs to be split in two. Thus, the alignment and policy coverage will happen tomorrow. Today covers the rest.
The secret big announcement this week was Claude …"
2025-08-28,Trump tariffs are increasingly forcing countries to pick sides between the US and China,President Trump’s trade wars are increasingly forcing countries to choose between the US and its main adversaries.
2025-08-28,Ahead of Market: 10 things that will decide stock market action on Friday,Indian market closed lower on Thursday. Banking and IT stocks faced selling pressure. United States tariffs on Indian imports impacted investor sentiment. BSE Sensex fell by 705.97 points. NSE Nifty declined by 211.15 points. Most sectors traded in the red. I…
2025-08-28,"US stocks mixed as Dow sinks, S&P 500 nears record, Nasdaq rides AI boom — Nvidia earnings jolt but GDP growth surprises Wall street","U.S. stock market movements on 28 August 2025 as Nvidia earnings shake tech stocks. The divergence between Wall Street’s major indexes was clear in Thursday’s trading session. Get insights on GDP growth, inflation trends, and market implications for investors…"
2025-08-28,Evercore ISI Reiterates Outperform on Apple (AAPL) With $250 PT,"Apple Inc. (NASDAQ:AAPL) is one of the AI Stocks Analysts Say You Shouldn’t Ignore. On August 22, Evercore ISI reiterated the stock as “Outperform” stating that it likes Apple’s price hikes on Apple TV+.
“We think the Apple TV+ price increases could help mode…"
2025-08-28,"I love Nothing’s Android phones, but it’s getting harder to trust them","Nothing makes some great phones, but the company's controversies make it tough to take what they say at face value."
2025-08-28,Crypto for Advisors: The Growth of Solana and Ethererum,"Bitcoin leads the way, but a new wave of blockchains offers compelling opportunities with applications that are growing and generating revenues."
2025-08-28,"Apple’s iPhone 17 event is here, and 6 popular products may be killed off for good","Apple is gearing up to launch its iPhone 17 series and Apple Watch Series 11. Consequently, several older models will be discontinued. The iPhone 16 Pro, 16 Pro Max, iPhone 15, and 15 Plus are expected to be removed from the Apple Store. The Apple Watch 10 an…"
2025-08-28,Etailers intensify festive hiring; Indian GenAI’s talent crisis,Ecommerce companies are hiring more than they did in the past two years as the busy festive season shapes up. This and more in today’s ETtech Top 5.
2025-08-28,Mario Van Peebles on Creating a Gangster Classic with ‘New Jack City’,"At a live edition of IndieWire's Filmmaker Toolkit podcast, Van Peebles discusses working with Wesley Snipes, Ice-T and Chris Rock on his debut film."
2025-08-28,"Best Labor Day Streaming Deals: Save on YouTube TV, Apple TV Plus, EPSN and More","Whether you're a fan of documentaries or blockbuster movies, save on your favorite streaming content this Labor Day."
2025-08-28,Stop overpaying! The hottest iPhone deals let you score big with trade-ins and new lines,"iPhone deals and discounts 2025: With the iPhone 17 still weeks away, significant savings are available on iPhone 16 models. Carriers and retailers offer substantial discounts through trade-ins, new line activations, and specific plans. Deals extend to the iP…"
2025-08-28,Why this superconservative strategy is proving controversial — and how Vanguard is defending it,"In one of its many strategies, the money-management giant Vanguard is now suggesting a portfolio that tilts heavily toward bonds over stocks."
2025-08-28,"If You'd Invested $1,000 in Apple Stock 5 Years Ago, Here's How Much You'd Have Today","Key Points
-
Apple has underperformed the S&P 500 over the past five years.
-
Apple's stock is down year to date through Aug. 26.
-
Investors have been disappointed with Apple's lack of progress or developments in AI.
Apple (NASDAQ: AAPL) has historically bee…"
2025-08-28,"Analysis: Meta's Hypernova AR glasses will enter mass production in Q3 2025 to beat Apple to market, but have a modest sales target of 150K-200K over two years",
2025-08-28,"CNBC's Inside India newsletter: India’s three-way balancing act: Tariffs, oil, and uneasy handshakes","India is walking a tightrope of tariffs from Washington, oil from Moscow, and an uneasy handshake with Beijing."
2025-08-28,"Stream More, Save More: Rogers Xfinity Brings Netflix, Disney+ and Apple TV+ Together in One Plan","New StreamSaver bundle saves customers more than 30% per month Add Sportsnet+ to stream and save even more TORONTO, Aug. 28, 2025 (GLOBE NEWSWIRE) — Rogers today introduced Rogers Xfinity StreamSaver, a new streaming plan that brings together three of the mos…"
2025-08-28,"Stream More, Save More: Rogers Xfinity Brings Netflix, Disney+ and Apple TV+ Together in One Plan","New StreamSaver bundle saves customers more than 30% per monthAdd Sportsnet+ to stream and save even more  TORONTO, Aug.  28, 2025  (GLOBE NEWSWIRE) --......"
2025-08-28,Stocks Edge Up as Data Show Economy Is Holding Up: Markets Wrap,"Wall Street trading was relatively quiet on Thursday, with investors shifting their focus to data for clues on the health of the world’s largest economy and the pace of Federal Reserve rate cuts."
